{
  "calibration": {
    "beta": 0.9799,
    "gamma": 0.0644,
    "beta_gamma_ratio": 15.21583850931677
  },
  "analyses": [
    {
      "network": "Dataset 2",
      "E": 0.28125,
      "F": 0.5,
      "T": 0.7038781858427312,
      "\u03b2": 0.9799,
      "\u03b3": 0.0644,
      "\u03b2/\u03b3": 15.21583850931677,
      "state": "Rapid Colonization",
      "advice": "Aggressive growth, monitor closely",
      "emoji": "\ud83c\udf3f",
      "data_summary": {
        "avg_temp_c": 22.5,
        "avg_humidity_percent": 72.5
      }
    },
    {
      "network": "Synthetic Fungal Network",
      "E": 0.4701222153157259,
      "F": 0.6509114855593626,
      "T": 0.8767783232346834,
      "\u03b2": 0.9799,
      "\u03b3": 0.0644,
      "\u03b2/\u03b3": 15.21583850931677,
      "state": "Explosive Growth",
      "advice": "Critical instability, potential resource exhaustion",
      "emoji": "\ud83d\udd25",
      "data_summary": {
        "avg_growth_mm_per_day": 2.732214546419945,
        "max_growth": 6.823416195637316,
        "avg_biomass_g": 1.3661072732099726,
        "avg_temp_c": 21.754518584455237,
        "avg_humidity_percent": 72.40242754197602
      }
    }
  ],
  "cross_domain_position": {
    "classification": "Growth-Dominant Systems",
    "similar_to": [
      "Quantum Physics",
      "Other growth systems"
    ],
    "more_fragile_than": [
      "Social Media",
      "Financial Markets"
    ],
    "less_fragile_than": [
      "Seismic Systems"
    ]
  }
}