{
  "mean_abs_center": 0.00021221587520366488,
  "horizon_radius_m": null,
  "profile_plot": "verification/second_base_tests/results/collapse_profiles.png",
  "central_bounds": [
    -1.0305767055829436e-07,
    0.000988873523547149
  ]
}