distance_m,F_gravity_N,F_X_N,detectable
0.0001,6.674299999999999e-09,6.0380975965905026e-12,True
0.0005,2.66972e-10,1.6190717553443622e-13,True
0.001,6.6743e-11,2.455209615571408e-14,True
0.002,1.668575e-11,2.2583618409487105e-15,True
0.005,2.6697199999999997e-12,1.7997340602898565e-17,False
0.01,6.674299999999999e-13,3.0337029562642505e-20,False
